OID_,OID1,station_id,carrier_id,carrier_icon,open_time,is_public,auth,is_auth,elect_index,is_online,hasFast,hasSlow,is_network,is_ground,rate
1,,40,218,,00:00-24:00,1,1,1,4,1,1,0,0,1,0.25
2,,42,218,,00:00-24:00,1,1,1,4,1,1,0,0,1,0.166666667
3,,44,218,,00:00-24:00,1,1,1,4,1,1,0,0,1,0.297297297
4,,46,218,,00:00-24:00,1,1,1,4,1,1,0,0,1,0
5,,48,218,,00:00-24:00,1,1,1,4,1,1,1,0,2,0.9
6,,50,218,,00:00-24:00,1,1,1,4,1,1,0,0,2,0.25
7,,52,218,,00:00-24:00,1,1,1,4,1,1,1,0,1,1
8,,54,218,,09:00-17:00,1,1,1,4,1,1,1,0,1,1
9,,56,218,,00:00-24:00,1,1,1,4,1,1,1,0,1,0.75
11,,60,218,,00:00-24:00,1,1,1,4,1,1,0,0,1,0.769230769
12,,62,218,,00:00-24:00,1,1,1,4,1,1,0,0,2,1
13,,64,218,,00:00-24:00,1,1,1,4,1,1,0,0,1,0.555555556
14,,66,218,,00:00-24:00,1,1,1,4,1,1,0,0,1,0.5
15,,68,1,,00:00-24:00,1,1,1,4,1,0,1,0,2,0
16,,70,1,,00:00-24:00,1,1,1,4,2,1,1,0,1,0
17,,72,1,,00:00-24:00,1,1,1,4,1,1,1,0,2,1
18,,74,1,,08:00-20:00,1,1,1,4,1,1,1,0,1,0
19,,76,1,,00:00-24:00,1,1,1,4,1,1,1,0,2,1
20,,78,1,,08:00-18:00,1,1,1,4,1,0,1,0,1,0
21,,80,1,,00:00-24:00,1,1,1,4,1,1,0,0,2,0.75
22,,82,1,,00:00-24:00,1,1,1,4,1,1,0,0,1,0.2
23,,84,1,,09:00-18:00,1,1,1,4,1,1,1,0,1,1
24,,88,1,,08:00-18:00,1,1,1,4,1,1,0,0,1,0
25,,90,1,,00:00-24:00,1,1,1,4,1,1,0,0,2,0.875
26,,92,1,,00:00-24:00,1,1,1,4,1,0,1,0,2,0
27,,94,1,,00:00-24:00,1,1,1,4,2,0,1,0,2,0
28,,96,1,,00:00-24:00,1,1,1,4,1,1,1,0,2,0
29,,98,1,,00:00-24:00,1,1,1,4,1,1,0,0,2,0
30,,100,1,,00:00-24:00,1,1,1,4,1,1,1,0,1,1
31,,102,1,,00:00-24:00,1,1,1,4,2,1,1,0,2,0
32,,104,1,,00:00-24:00,1,1,1,4,1,1,0,0,2,1
33,,106,1,,08:00-20:00,1,1,1,4,1,1,0,0,1,0.75
34,,108,1,,00:00-24:00,1,1,1,4,1,1,0,0,2,0.466666667
35,,112,1,,08:00-20:00,1,1,1,4,1,1,1,0,1,0.25
36,,114,1,,07:00-21:00,1,1,1,4,1,1,1,0,1,0
37,,116,1,,00:00-24:00,1,1,1,4,1,1,1,0,2,0
38,,118,1,,00:00-24:00,1,1,1,4,1,1,1,0,1,1
39,,120,1,,08:00-21:00,1,1,1,4,1,1,0,0,1,0
40,,122,1,,00:00-24:00,1,1,1,4,1,1,0,0,2,1
41,,124,1,,00:00-24:00,1,1,1,4,1,1,0,0,1,1
42,,128,1,,09:00-18:00,1,1,1,4,1,1,1,0,1,1
43,,132,1,,00:00-24:00,1,1,1,4,1,1,0,0,1,0.75
44,,134,1,,00:00-24:00,1,1,1,4,1,1,1,0,1,0
45,,136,1,,08:00-20:00,1,1,1,4,1,0,1,0,1,0
46,,138,1,,00:00-24:00,1,1,1,4,1,1,1,0,2,0.411764706
47,,140,1,,08:00-20:00,1,1,1,4,2,1,1,0,1,0
48,,142,1,,00:00-24:00,1,1,1,4,1,0,1,0,2,0.9
49,,144,1,,00:00-24:00,1,1,1,4,1,0,1,0,2,1
50,,146,1,,00:00-24:00,1,1,1,4,2,1,1,0,2,0
51,,148,1,,08:00-18:00,1,1,1,4,2,1,1,0,2,0
52,,150,1,,00:00-24:00,1,1,1,4,1,1,1,0,2,0.181818182
53,,152,1,,00:00-24:00,1,1,1,4,1,1,1,0,2,0
54,,156,1,,00:00-24:00,1,1,1,4,1,0,1,0,2,0
55,,158,1,,00:00-24:00,1,1,1,4,1,1,1,0,2,1
56,,160,1,,00:00-24:00,1,1,1,4,1,1,1,0,1,0
57,,162,1,,00:00-24:00,1,1,1,4,1,1,1,0,2,1
58,,164,1,,07:00-19:00,1,1,1,4,1,1,1,0,1,0.833333333
59,,166,1,,00:00-24:00,1,1,1,4,1,1,1,0,1,1
60,,168,1,,00:00-24:00,1,1,1,4,1,1,1,0,1,1
61,,170,1,,00:00-24:00,1,1,1,4,1,1,1,0,2,1
62,,172,1,,00:00-24:00,1,1,1,4,1,1,1,0,2,1
63,,174,1,,00:00-24:00,1,1,1,4,1,1,1,0,1,0
64,,176,1,,00:00-24:00,1,1,1,4,2,1,1,0,2,0
65,,178,1,,08:00-21:00,1,1,1,4,1,1,1,0,2,0.875
66,,180,1,,00:00-24:00,1,1,1,4,2,1,0,0,1,0
67,,182,1,,00:00-24:00,1,1,1,4,1,1,1,0,1,0.6
68,,186,1,,00:00-24:00,1,1,1,4,1,1,0,0,1,0.416666667
69,,188,1,,00:00-24:00,1,1,1,4,1,1,0,0,1,0.388888889
70,,190,1,,00:00-24:00,1,1,1,4,1,1,0,0,1,0.6
71,,192,1,,00:00-24:00,1,1,1,4,1,1,0,0,2,1
72,,200,1,,00:00-24:00,1,1,1,4,1,1,0,0,2,0.833333333
73,,204,1,,00:00-24:00,1,1,1,4,1,1,0,0,1,0.5625
74,,206,1,,06:00-24:00,1,1,1,4,1,1,0,0,1,0.966666667
75,,208,1,,00:00-24:00,1,1,1,4,1,1,0,0,1,0
76,,212,1,,00:00-24:00,1,1,1,4,1,1,1,0,1,0
77,,214,1,,00:00-24:00,1,1,1,4,1,1,1,0,1,1
78,,216,1,,00:00-24:00,1,1,1,4,1,1,1,0,1,1
79,,218,1,,00:00-24:00,1,1,1,4,1,1,1,0,1,0.7
80,,220,1,,00:00-24:00,1,1,1,4,1,1,1,0,2,0.208333333
81,,222,1,,00:00-24:00,1,1,1,4,1,0,1,0,2,0.7
82,,224,1,,00:00-24:00,1,1,1,4,2,0,1,0,2,0
83,,226,1,,09:00-21:30,1,1,1,4,1,1,1,0,1,0
84,,228,1,,00:00-24:00,1,1,1,4,1,1,1,0,2,1
85,,230,1,,00:00-24:00,1,1,1,4,1,1,1,0,1,0.6875
86,,232,1,,00:00-24:00,1,1,1,4,1,1,1,0,2,0.642857143
87,,234,1,,06:00-22:00,1,1,1,4,1,1,1,0,2,1
88,,236,1,,06:00-22:00,1,1,1,4,1,1,1,0,1,1
89,,238,1,,06:00-22:00,1,1,1,4,1,1,1,0,1,0
90,,240,1,,00:00-24:00,1,1,1,4,1,1,0,0,1,0.833333333
91,,242,1,,00:00-24:00,1,1,1,4,1,1,0,0,1,0.291666667
92,,244,1,,08:30-18:00,1,1,1,4,1,1,1,0,1,1
93,,248,1,,00:00-24:00,1,1,1,4,1,1,1,0,1,1
94,,250,1,,00:00-24:00,1,1,1,4,1,1,1,0,1,0
95,,252,1,,00:00-24:00,1,1,1,4,1,0,1,0,1,0
96,,254,1,,00:00-24:00,1,1,1,4,2,1,1,0,1,0
97,,256,1,,00:00-24:00,1,1,1,4,2,1,1,0,1,0
98,,258,1,,00:00-24:00,1,1,1,4,1,1,1,0,1,0.928571429
99,,260,1,,09:00-17:00,1,1,1,4,1,0,1,0,1,0.5
100,,262,1,,00:00-24:00,1,1,1,4,1,0,1,0,1,0
101,,264,1,,09:00-17:30,1,1,1,4,1,1,1,0,1,0.333333333
102,,266,1,,09:00-17:30,1,1,1,4,1,1,1,0,1,0.333333333
103,,268,1,,08:00-20:00,1,1,1,4,2,1,1,0,1,0
104,,270,1,,00:00-24:00,1,1,1,4,1,1,1,0,1,0
105,,272,1,,00:00-24:00,1,1,1,4,1,1,1,0,2,0
106,,274,1,,00:00-24:00,1,1,1,4,1,1,1,0,1,0.75
107,,276,1,,00:00-24:00,1,1,1,4,1,1,0,0,1,0.833333333
108,,286,1,,00:00-24:00,1,1,1,4,1,1,1,0,1,1
109,,288,1,,00:00-24:00,1,1,1,4,1,1,0,0,1,0.416666667
110,,290,1,,08:30-18:00,1,1,1,4,1,1,1,0,1,0.9
111,,292,1,,07:00-22:00,1,1,1,4,1,1,1,0,1,1
112,,294,1,,09:00-24:00,1,1,1,4,1,1,1,0,1,1
113,,296,1,,00:00-24:00,1,1,1,4,1,1,0,0,1,0.777777778
114,,300,1,,00:00-24:00,1,1,1,4,1,0,1,0,2,1
115,,302,1,,00:00-24:00,1,1,1,4,1,0,1,0,2,0.8
116,,304,1,,00:00-24:00,1,1,1,4,1,1,1,0,1,0
117,,306,1,,00:00-24:00,1,1,1,4,1,1,0,0,1,0.833333333
118,,310,1,,00:00-24:00,1,1,1,4,1,1,0,0,1,0.153846154
119,,312,1,,00:00-24:00,1,1,1,4,1,1,0,0,1,0.318181818
124,,324,1,,00:00-24:00,1,1,1,4,1,1,1,0,1,0.592592593
125,,326,1,,08:00-18:00,1,1,1,4,1,1,1,0,2,0.125
126,,328,1,,00:00-24:00,1,1,1,4,1,1,1,0,1,0
127,,330,1,,00:00-24:00,1,1,1,4,1,1,1,0,1,0
128,,332,1,,00:00-24:00,1,1,1,4,1,1,1,0,1,0.428571429
129,,334,1,,00:00-24:00,1,1,1,4,2,1,1,0,2,0
130,,336,1,,00:00-24:00,1,1,1,4,1,1,1,0,1,1
131,,338,1,,00:00-24:00,1,1,1,4,1,1,1,0,1,0.75
132,,340,1,,00:00-24:00,1,1,1,4,1,1,1,0,1,0.888888889
133,,342,1,,00:00-24:00,1,1,1,4,1,1,1,0,1,1
134,,344,1,,00:00-24:00,1,1,1,4,2,1,1,0,1,0
135,,346,1,,09:00-17:00,1,1,1,4,1,1,1,0,2,1
136,,348,1,,00:00-24:00,1,1,1,4,1,1,1,0,1,1
137,,350,1,,10:00-19:00,1,1,1,4,1,1,1,0,1,0
138,,352,1,,00:00-24:00,1,1,1,4,1,1,1,0,1,1
139,,354,1,,08:00-19:00,1,1,1,4,1,1,1,0,1,0.75
140,,356,1,,08:00-20:00,1,1,1,4,1,1,1,0,1,0.875
141,,358,1,,00:00-24:00,1,1,1,4,1,1,1,0,1,0
142,,360,1,,09:00-19:00,1,1,1,4,1,1,1,0,1,1
143,,362,1,,00:00-24:00,1,1,1,4,1,1,1,0,1,0.875
144,,364,1,,06:00-24:00,1,1,1,4,1,1,0,0,1,0.6
145,,366,1,,00:00-24:00,1,1,1,4,2,1,1,0,1,0
146,,368,1,,00:00-24:00,1,1,1,4,1,1,1,0,2,1
147,,370,1,,00:00-24:00,1,1,1,4,2,1,1,0,1,0
148,,372,1,,00:00-24:00,1,1,1,4,1,1,1,0,1,0.875
149,,374,1,,00:00-24:00,1,1,1,4,1,1,1,0,1,0
150,,376,1,,00:00-24:00,1,1,1,4,2,1,1,0,2,0
151,,378,1,,00:00-24:00,1,1,1,4,2,1,1,0,1,0
152,,380,1,,00:00-24:00,1,1,1,4,1,1,1,0,1,0
153,,382,1,,00:00-24:00,1,1,1,4,1,1,1,0,1,0
154,,384,1,,00:00-24:00,1,1,1,4,1,1,1,0,1,1
155,,386,1,,00:00-24:00,1,1,1,4,1,1,1,0,1,0.705882353
156,,388,1,,00:00-24:00,1,1,1,4,1,1,0,0,1,1
172,,424,137,,00:00-24:00,1,1,1,4,1,1,0,0,1,0.4
173,,426,25,,00:00-24:00,1,1,1,4,1,1,0,0,1,0.625
174,,428,25,,00:00-24:00,1,1,1,4,1,1,0,0,1,0.5
175,,430,25,,00:00-24:00,1,1,1,4,1,1,1,0,1,0.5
176,,432,25,,00:00-24:00,1,1,1,4,1,1,0,0,1,0.9
177,,434,25,,00:00-24:00,1,1,1,4,1,1,0,0,1,0
178,,436,25,,00:00-24:00,1,1,1,4,1,1,0,0,1,0
179,,438,25,,00:00-24:00,1,1,1,4,1,1,0,0,1,0.666666667
180,,440,25,,00:00-24:00,1,1,1,4,1,1,0,0,1,1
181,,442,25,,00:00-24:00,1,1,1,4,1,1,0,0,1,0.666666667
182,,444,25,,00:00-24:00,1,1,1,4,1,1,0,0,1,0.3
183,,454,24,,00:00-24:00,1,1,1,4,1,1,0,0,1,0
184,,456,24,,00:00-24:00,1,1,1,4,1,1,0,0,1,0
185,,458,24,,00:00-24:00,1,1,1,4,1,1,0,0,1,0
186,,462,24,,00:00-24:00,1,1,1,4,1,1,0,0,1,0
187,,464,24,,00:00-24:00,1,1,1,4,1,1,0,0,1,0
188,,466,24,,00:00-24:00,1,1,1,4,1,1,0,0,1,0
189,,468,24,,00:00-24:00,1,1,1,4,1,1,0,0,2,0
190,,470,41,,00:00-24:00,1,1,1,4,1,1,0,0,1,0.8
191,,472,41,,00:00-24:00,1,1,1,4,1,1,0,0,1,1
192,,474,41,,00:00-24:00,1,1,1,4,1,1,0,0,1,0.2
193,,476,41,,00:00-24:00,1,1,1,4,1,1,0,0,1,1
199,,496,41,,00:00-24:00,1,1,1,4,1,0,1,0,1,1
204,,506,139,,00:00-24:00,1,1,1,4,1,1,0,0,1,0
205,,510,9,,00:00-24:00,1,1,1,4,1,1,0,0,1,0.2
206,,512,9,,00:00-24:00,1,1,1,4,1,1,0,0,1,0.714285714
207,,514,145,,00:00-24:00,1,1,1,4,1,1,0,0,1,0
208,,516,6,,00:00-24:00,1,1,1,4,1,1,0,0,1,0.6
209,,518,6,,00:00-24:00,1,1,1,4,1,1,0,0,1,0.423076923
210,,520,6,,00:00-24:00,1,1,1,4,1,1,0,0,1,0.346153846
211,,522,6,,00:00-24:00,1,1,1,4,1,1,0,0,1,0.8
212,,524,6,,00:00-24:00,1,1,1,4,1,1,0,0,1,0.9
213,,526,6,,00:00-24:00,1,1,1,4,1,1,0,0,1,0.45
214,,528,6,,00:00-24:00,1,1,1,4,1,1,0,0,1,0.65
215,,530,6,,00:00-24:00,1,1,1,4,1,1,0,0,1,0.1875
216,,534,6,,00:00-24:00,1,1,1,4,1,1,0,0,1,0.5
217,,536,6,,00:00-24:00,1,1,1,4,1,1,0,0,1,1
218,,538,6,,00:00-24:00,1,1,1,4,1,1,0,0,1,0.888888889
219,,540,6,,00:00-24:00,1,1,1,4,1,1,1,0,2,0
220,,542,6,,00:00-24:00,1,1,1,4,1,1,1,0,2,0
221,,544,6,,00:00-24:00,1,1,1,4,1,1,1,0,1,0
222,,546,6,,00:00-24:00,1,1,1,4,1,1,1,0,1,1
223,,548,6,,00:00-24:00,1,1,1,4,1,1,1,0,1,0.6
224,,554,6,,00:00-24:00,1,1,1,4,1,1,0,0,1,0.4
225,,588,6,,00:00-24:00,1,1,1,4,1,1,0,0,1,0
226,,590,6,,00:00-24:00,1,1,1,4,1,1,0,0,1,1
227,,594,18,,00:00-24:00,1,1,1,4,1,1,0,0,1,0
228,,596,18,,00:00-24:00,1,1,1,4,1,1,0,0,1,0
229,,598,18,,00:00-24:00,1,1,1,4,1,1,0,0,1,0.529411765
230,,600,18,,00:00-24:00,1,1,1,4,1,1,0,0,1,0.65
231,,602,18,,00:00-24:00,1,1,1,4,1,1,0,0,1,0.25
232,,604,54,,00:00-24:00,1,1,1,4,1,1,0,0,1,0
234,,608,18,,00:00-24:00,1,1,1,4,1,1,0,0,1,0
235,,610,18,,00:00-24:00,1,1,1,4,1,1,0,0,1,0.8
236,,614,18,,00:00-24:00,1,1,1,4,1,1,0,0,1,0
237,,618,18,,00:00-24:00,1,1,1,4,1,1,0,0,1,0
238,,620,18,,00:00-24:00,1,1,1,4,1,1,0,0,1,0.7
239,,622,18,,00:00-24:00,1,1,1,4,1,1,0,0,1,0
241,,626,222,,00:00-24:00,1,1,1,4,1,1,0,0,1,1
244,,632,232,,00:00-24:00,1,1,1,4,1,0,1,0,1,0
245,,634,226,,00:00-24:00,1,1,1,4,1,0,1,0,1,0
246,,636,228,,00:00-24:00,1,1,1,4,1,1,0,0,1,0.416666667
247,,638,230,,00:00-24:00,1,1,1,4,1,1,1,0,1,1
248,,640,44,,00:00-24:00,1,1,1,4,1,1,0,0,1,0.826086957
249,,642,236,,00:00-24:00,1,1,1,4,1,1,0,0,1,0.3
250,,644,236,,00:00-24:00,1,1,1,4,1,1,0,0,1,0.8125
251,,646,236,,00:00-24:00,1,1,1,4,1,1,0,0,1,0.541666667
252,,648,236,,00:00-24:00,1,1,1,4,1,1,0,0,1,1
253,,650,236,,00:00-24:00,1,1,1,4,1,1,0,0,1,0.833333333
254,,652,238,,00:00-24:00,1,1,1,4,1,1,0,0,1,1
256,,656,240,,00:00-24:00,1,1,1,4,1,1,0,0,1,0.107142857
257,,658,244,,00:00-24:00,1,1,1,4,1,1,1,0,1,0.5
258,,660,224,,00:00-24:00,1,1,1,4,1,1,0,0,1,0.833333333
259,,662,252,,00:00-24:00,1,1,1,4,1,1,0,0,1,0.5
260,,664,242,,00:00-24:00,1,1,1,4,1,1,0,0,1,0.833333333
261,,666,40,,00:00-24:00,1,1,1,4,1,0,1,0,2,1
262,,668,40,,00:00-24:00,1,1,1,4,1,0,1,0,1,1
263,,670,40,,00:00-24:00,1,1,1,4,1,0,1,0,2,0.625
264,,672,40,,00:00-24:00,1,1,1,4,1,0,1,0,2,1
265,,674,40,,00:00-24:00,1,1,1,4,1,0,1,0,2,0.909090909
266,,676,40,,00:00-24:00,1,1,1,4,1,0,1,0,2,0.8
267,,678,40,,00:00-24:00,1,1,1,4,1,0,1,0,2,0.666666667
268,,680,40,,00:00-24:00,1,1,1,4,1,0,1,0,2,1
269,,682,40,,00:00-24:00,1,1,1,4,1,0,1,0,2,0.8
270,,684,40,,00:00-24:00,1,1,1,4,1,0,1,0,2,1
271,,686,40,,00:00-24:00,1,1,1,4,1,0,1,0,2,1
272,,688,40,,00:00-24:00,1,1,1,4,1,0,1,0,2,1
273,,690,40,,00:00-24:00,1,1,1,4,1,0,1,0,2,0.666666667
274,,692,40,,00:00-24:00,1,1,1,4,1,0,1,0,2,1
275,,694,40,,00:00-24:00,1,1,1,4,1,0,1,0,2,1
276,,696,40,,00:00-24:00,1,1,1,4,1,1,1,0,1,0
277,,698,40,,00:00-24:00,1,1,1,4,1,1,1,0,1,0
278,,700,40,,00:00-24:00,1,1,1,4,1,1,1,0,1,0.833333333
279,,702,40,,00:00-24:00,1,1,1,4,1,0,1,0,1,0.333333333
280,,704,40,,00:00-24:00,1,1,1,4,1,0,1,0,1,1
281,,706,40,,00:00-24:00,1,1,1,4,1,0,1,0,2,1
282,,708,40,,00:00-24:00,1,1,1,4,1,1,1,0,1,0.333333333
283,,710,40,,00:00-24:00,1,1,1,4,1,0,1,0,1,1
285,,714,40,,00:00-24:00,1,1,1,4,1,0,1,0,1,1
286,,716,40,,00:00-24:00,1,1,1,4,1,0,1,0,2,1
287,,718,40,,00:00-24:00,1,1,1,4,1,0,1,0,2,1
288,,720,40,,00:00-24:00,1,1,1,4,1,0,1,0,1,1
290,,724,40,,00:00-24:00,1,1,1,4,1,0,1,0,1,0.6
291,,726,40,,00:00-24:00,1,1,1,4,1,0,1,0,1,1
292,,728,40,,00:00-24:00,1,1,1,4,1,0,1,0,1,1
293,,730,40,,00:00-24:00,1,1,1,4,1,0,1,0,1,1
294,,732,40,,00:00-24:00,1,1,1,4,1,0,1,0,1,0.666666667
295,,734,40,,00:00-24:00,1,1,1,4,1,0,1,0,1,1
296,,736,40,,00:00-24:00,1,1,1,4,1,0,1,0,2,0.833333333
297,,738,40,,00:00-24:00,1,1,1,4,1,0,1,0,1,0.833333333
298,,740,40,,00:00-24:00,1,1,1,4,1,0,1,0,1,1
299,,742,40,,00:00-24:00,1,1,1,4,1,0,1,0,2,0.7
300,,744,40,,00:00-24:00,1,1,1,4,1,1,1,0,2,0.5
301,,746,40,,00:00-24:00,1,1,1,4,1,1,1,0,2,0.4
302,,748,40,,00:00-24:00,1,1,1,4,1,0,1,0,1,0.833333333
303,,750,40,,00:00-24:00,1,1,1,4,1,0,1,0,1,1
304,,752,40,,00:00-24:00,1,1,1,4,1,0,1,0,2,0.5
305,,754,40,,00:00-24:00,1,1,1,4,1,0,1,0,2,1
306,,756,40,,00:00-24:00,1,1,1,4,1,0,1,0,2,0.666666667
307,,758,40,,00:00-24:00,1,1,1,4,1,0,1,0,2,1
308,,760,40,,00:00-24:00,1,1,1,4,1,0,1,0,2,0.833333333
309,,762,40,,00:00-24:00,1,1,1,4,1,0,1,0,2,1
310,,764,40,,00:00-24:00,1,1,1,4,1,0,1,0,2,0.666666667
311,,766,40,,00:00-24:00,1,1,1,4,1,0,1,0,1,0.833333333
312,,768,40,,00:00-24:00,1,1,1,4,1,0,1,0,1,1
313,,770,40,,00:00-24:00,1,1,1,4,1,0,1,0,2,0.5
314,,772,40,,00:00-24:00,1,1,1,4,1,0,1,0,2,1
315,,774,40,,00:00-24:00,1,1,1,4,1,0,1,0,1,0.666666667
316,,776,40,,00:00-24:00,1,1,1,4,1,0,1,0,1,1
317,,778,40,,00:00-24:00,1,1,1,4,1,0,1,0,1,0.666666667
318,,780,40,,00:00-24:00,1,1,1,4,1,0,1,0,2,0.666666667
319,,782,40,,00:00-24:00,1,1,1,4,1,0,1,0,2,1
320,,784,40,,00:00-24:00,1,1,1,4,1,1,1,0,2,0.5
321,,786,40,,00:00-24:00,1,1,1,4,1,1,1,0,2,0.75
322,,788,40,,00:00-24:00,1,1,1,4,1,1,1,0,2,0.4
324,,792,40,,00:00-24:00,1,1,1,4,1,0,1,0,1,0
325,,794,40,,00:00-24:00,1,1,1,4,1,0,1,0,1,0.166666667
326,,796,40,,00:00-24:00,1,1,1,4,1,0,1,0,1,1
327,,798,40,,00:00-24:00,1,1,1,4,1,0,1,0,1,0.333333333
335,,814,40,,00:00-24:00,1,1,1,4,1,0,1,0,2,1
336,,816,40,,00:00-24:00,1,1,1,4,1,0,1,0,2,0.833333333
337,,818,40,,00:00-24:00,1,1,1,4,1,0,1,0,1,0.5
338,,820,40,,00:00-24:00,1,1,1,4,1,0,1,0,1,1
339,,822,40,,00:00-24:00,1,1,1,4,1,0,1,0,1,1
340,,824,40,,00:00-24:00,1,1,1,4,1,0,1,0,1,1
341,,826,40,,00:00-24:00,1,1,1,4,1,0,1,0,1,1
342,,828,40,,00:00-24:00,1,1,1,4,1,0,1,0,2,1
343,,830,40,,00:00-24:00,1,1,1,4,1,0,1,0,2,0
344,,832,40,,00:00-24:00,1,1,1,4,1,0,1,0,1,0.5
348,,840,40,,00:00-24:00,1,1,1,4,1,0,1,0,1,0.833333333
349,,842,40,,00:00-24:00,1,1,1,4,1,0,1,0,1,1
350,,844,40,,00:00-24:00,1,1,1,4,1,0,1,0,1,0.666666667
351,,846,40,,00:00-24:00,1,1,1,4,1,0,1,0,2,0.833333333
352,,848,40,,00:00-24:00,1,1,1,4,1,0,1,0,2,1
353,,850,40,,00:00-24:00,1,1,1,4,1,0,1,0,1,0.5
354,,852,40,,00:00-24:00,1,1,1,4,1,0,1,0,1,0
355,,854,40,,00:00-24:00,1,1,1,4,1,0,1,0,1,0
356,,856,40,,00:00-24:00,1,1,1,4,1,0,1,0,1,1
357,,858,40,,00:00-24:00,1,1,1,4,1,0,1,0,2,1
358,,860,40,,00:00-24:00,1,1,1,4,1,0,1,0,1,0.666666667
359,,862,40,,00:00-24:00,1,1,1,4,1,0,1,0,1,1
362,,868,40,,00:00-24:00,1,1,1,4,1,0,1,0,1,0.666666667
363,,870,40,,00:00-24:00,1,1,1,4,1,0,1,0,1,0.5
364,,872,40,,00:00-24:00,1,1,1,4,1,0,1,0,2,1
365,,874,40,,00:00-24:00,1,1,1,4,1,0,1,0,2,0
366,,876,40,,00:00-24:00,1,1,1,4,1,0,1,0,1,0.666666667
367,,878,40,,00:00-24:00,1,1,1,4,1,0,1,0,1,1
368,,880,40,,00:00-24:00,1,1,1,4,1,0,1,0,2,1
369,,882,40,,00:00-24:00,1,1,1,4,1,0,1,0,1,0
370,,884,40,,00:00-24:00,1,1,1,4,1,0,1,0,1,1
371,,886,40,,00:00-24:00,1,1,1,4,1,0,1,0,1,0.333333333
372,,888,40,,00:00-24:00,1,1,1,4,1,0,1,0,1,0.5
373,,890,40,,00:00-24:00,1,1,1,4,1,0,1,0,1,1
375,,894,40,,00:00-24:00,1,1,1,4,1,0,1,0,2,0
376,,896,40,,00:00-24:00,1,1,1,4,1,0,1,0,2,0.666666667
378,,900,40,,00:00-24:00,1,1,1,4,1,0,1,0,2,0.666666667
379,,902,40,,00:00-24:00,1,1,1,4,1,0,1,0,2,0.666666667
382,,908,40,,00:00-24:00,1,1,1,4,1,0,1,0,1,0.5
383,,910,40,,00:00-24:00,1,1,1,4,1,0,1,0,2,1
384,,912,40,,00:00-24:00,1,1,1,4,1,0,1,0,1,1
385,,914,40,,00:00-24:00,1,1,1,4,1,0,1,0,1,1
386,,916,40,,00:00-24:00,1,1,1,4,1,0,1,0,1,1
387,,918,40,,00:00-24:00,1,1,1,4,1,0,1,0,1,0.333333333
388,,920,40,,00:00-24:00,1,1,1,4,1,0,1,0,1,0
389,,922,40,,00:00-24:00,1,1,1,4,1,0,1,0,1,0
390,,924,40,,00:00-24:00,1,1,1,4,1,0,1,0,2,0.5
391,,926,40,,00:00-24:00,1,1,1,4,1,0,1,0,2,0.833333333
392,,928,40,,00:00-24:00,1,1,1,4,1,0,1,0,2,0
393,,930,40,,00:00-24:00,1,1,1,4,1,0,1,0,2,0.833333333
394,,932,40,,00:00-24:00,1,1,1,4,1,0,1,0,1,0
395,,934,40,,00:00-24:00,1,1,1,4,1,0,1,0,2,0
396,,936,40,,00:00-24:00,1,1,1,4,1,0,1,0,2,0.5
397,,938,40,,00:00-24:00,1,1,1,4,1,0,1,0,1,1
398,,940,40,,00:00-24:00,1,1,1,4,1,0,1,0,1,1
399,,942,40,,00:00-24:00,1,1,1,4,1,1,1,0,2,0.333333333
400,,944,40,,00:00-24:00,1,1,1,4,1,0,1,0,1,0.833333333
401,,946,40,,00:00-24:00,1,1,1,4,1,0,1,0,1,0.833333333
402,,948,40,,00:00-24:00,1,1,1,4,1,0,1,0,1,1
403,,950,40,,00:00-24:00,1,1,1,4,1,0,1,0,1,0.333333333
404,,952,40,,00:00-24:00,1,1,1,4,1,0,1,0,1,0.5
405,,954,40,,00:00-24:00,1,1,1,4,1,0,1,0,1,0
406,,956,40,,00:00-24:00,1,1,1,4,1,0,1,0,1,1
407,,958,40,,00:00-24:00,1,1,1,4,1,0,1,0,1,1
408,,960,40,,00:00-24:00,1,1,1,4,1,0,1,0,2,0
409,,962,40,,00:00-24:00,1,1,1,4,1,0,1,0,1,0.166666667
410,,964,40,,00:00-24:00,1,1,1,4,1,0,1,0,1,0.666666667
411,,966,40,,00:00-24:00,1,1,1,4,1,0,1,0,1,0.833333333
412,,968,40,,00:00-24:00,1,1,1,4,1,0,1,0,1,0.833333333
413,,970,40,,00:00-24:00,1,1,1,4,1,0,1,0,1,1
414,,972,40,,00:00-24:00,1,1,1,4,1,0,1,0,2,1
415,,974,40,,00:00-24:00,1,1,1,4,1,0,1,0,1,1
416,,976,40,,00:00-24:00,1,1,1,4,1,0,1,0,2,1
417,,978,40,,00:00-24:00,1,1,1,4,1,0,1,0,1,1
418,,980,40,,00:00-24:00,1,1,1,4,1,0,1,0,1,1
419,,982,40,,00:00-24:00,1,1,1,4,1,0,1,0,1,0.833333333
420,,984,40,,00:00-24:00,1,1,1,4,1,0,1,0,1,0
421,,986,40,,00:00-24:00,1,1,1,4,1,0,1,0,1,0.833333333
423,,990,40,,00:00-24:00,1,1,1,4,1,0,1,0,1,1
424,,992,40,,00:00-24:00,1,1,1,4,1,0,1,0,1,0
425,,994,40,,00:00-24:00,1,1,1,4,1,0,1,0,1,0.666666667
426,,996,40,,00:00-24:00,1,1,1,4,1,0,1,0,1,0.666666667
427,,998,40,,00:00-24:00,1,1,1,4,1,0,1,0,1,0.666666667
428,,1000,40,,00:00-24:00,1,1,1,4,1,0,1,0,1,0.166666667
429,,1002,40,,00:00-24:00,1,1,1,4,1,0,1,0,1,1
430,,1004,40,,00:00-24:00,1,1,1,4,1,0,1,0,1,0.833333333
431,,1006,40,,00:00-24:00,1,1,1,4,1,0,1,0,1,1
432,,1008,40,,00:00-24:00,1,1,1,4,1,0,1,0,1,1
433,,1010,40,,00:00-24:00,1,1,1,4,1,0,1,0,1,0.5
434,,1012,40,,00:00-24:00,1,1,1,4,1,0,1,0,2,0.833333333
435,,1014,40,,00:00-24:00,1,1,1,4,1,0,1,0,2,1
436,,1016,40,,00:00-24:00,1,1,1,4,1,0,1,0,2,1
437,,1018,40,,00:00-24:00,1,1,1,4,1,0,1,0,2,0.833333333
438,,1020,40,,00:00-24:00,1,1,1,4,1,0,1,0,2,1
439,,1022,40,,00:00-24:00,1,1,1,4,1,0,1,0,2,1
440,,1024,40,,00:00-24:00,1,1,1,4,1,0,1,0,1,0.833333333
441,,1026,40,,00:00-24:00,1,1,1,4,1,0,1,0,1,1
442,,1028,40,,00:00-24:00,1,1,1,4,1,1,1,0,1,0.4
443,,1030,40,,00:00-24:00,1,1,1,4,1,0,1,0,2,0.333333333
445,,1034,40,,00:00-24:00,1,1,1,4,1,0,1,0,1,0.5
446,,1036,40,,00:00-24:00,1,1,1,4,2,0,1,0,2,0
447,,1038,250,,00:00-24:00,1,1,1,4,1,1,1,0,1,0.75
448,,1040,250,,未知,1,1,1,4,1,1,0,0,1,1
449,,1042,248,,00:00-24:00,1,1,1,4,1,1,0,0,1,0.5
450,,1046,260,,00:00-24:00,1,1,1,4,1,1,0,0,1,0.8
451,,1048,266,,00:00-24:00,1,1,1,4,1,1,0,0,1,0.333333333
452,,1050,274,,00:00-24:00,1,1,1,4,1,1,0,0,1,0.555555556
453,,1052,286,,00:00-24:00,1,1,1,4,1,1,0,0,1,0.333333333
455,,1062,220,,08:00-20:00,1,1,1,4,1,1,0,0,1,0.916666667
456,,1064,220,,00:00-24:00,1,1,1,4,1,1,0,0,1,0.142857143
457,,1066,220,,00:00-24:00,1,1,1,4,1,1,0,0,1,1
458,,1068,268,,00:00-24:00,1,1,1,4,1,1,0,0,1,0.857142857
459,,1070,143,,00:00-24:00,1,1,1,4,1,1,0,0,1,0
460,,1072,18,,00:00-24:00,1,1,1,4,1,1,0,0,1,0.125
461,,1074,18,,00:00-24:00,1,1,1,4,1,1,0,0,1,0.5
462,,1084,42,,00:00-24:00,1,1,1,4,1,1,1,0,1,0
463,,1086,42,,00:00-24:00,1,1,1,4,1,1,0,0,1,0.925
464,,1088,42,,00:00-24:00,1,1,1,4,1,1,0,0,1,0.75
465,,1090,42,,00:00-24:00,1,1,1,4,1,1,0,0,1,0.6
466,,1092,42,,00:00-24:00,1,1,1,4,1,1,0,0,1,0.6
467,,1094,42,,00:00-24:00,1,1,1,4,1,1,0,0,1,0
468,,1098,42,,00:00-24:00,1,1,1,4,1,1,0,0,1,0.944444444
469,,1100,42,,00:00-24:00,1,1,1,4,1,1,0,0,1,0.5
470,,1102,42,,00:00-24:00,1,1,1,4,1,1,0,0,1,0
471,,1104,42,,00:00-24:00,1,1,1,4,1,1,0,0,1,0.9375
472,,1106,42,,00:00-24:00,1,1,1,4,1,1,0,0,1,0.5
473,,1108,42,,00:00-24:00,1,1,1,4,1,1,0,0,1,0.5
474,,1114,13,,00:00-24:00,1,1,1,4,1,1,0,0,1,0
475,,1116,13,,00:00-24:00,1,1,1,4,1,1,0,0,1,0
476,,1118,13,,00:00-24:00,1,1,1,4,1,1,1,0,1,0.625
477,,1120,13,,00:00-24:00,1,1,1,4,1,1,0,0,1,0.785714286
478,,1124,13,,00:00-24:00,1,1,1,4,1,1,0,0,1,0.95
479,,1126,13,,00:00-24:00,1,1,1,4,1,1,0,0,1,1
480,,1128,13,,00:00-24:00,1,1,1,4,1,1,0,0,1,0.8125
484,,1140,149,,00:00-24:00,1,1,1,4,1,1,0,0,1,0.277777778
485,,1142,19,,00:00-24:00,1,1,1,4,1,1,0,0,1,0.5
490,,1164,36,,00:00-24:00,1,1,1,4,1,1,0,0,1,0.052631579
491,,1166,36,,00:00-24:00,1,1,1,4,1,1,0,0,1,0.7
492,,1168,36,,00:00-24:00,1,1,1,4,1,1,0,0,1,0.764705882
493,,1170,36,,00:00-24:00,1,1,1,4,1,1,0,0,1,0
494,,1172,36,,00:00-24:00,1,1,1,4,1,1,0,0,1,0.266666667
495,,1174,36,,00:00-24:00,1,1,1,4,1,1,0,0,1,0.36
496,,1176,36,,00:00-24:00,1,1,1,4,1,1,0,0,1,0.380952381
497,,1178,36,,00:00-24:00,1,1,1,4,1,1,0,0,1,0.5
498,,1180,36,,00:00-24:00,1,1,1,4,1,1,0,0,1,0.571428571
499,,1182,36,,00:00-24:00,1,1,1,4,1,1,0,0,1,0.35
500,,1184,36,,00:00-24:00,1,1,1,4,1,1,0,0,1,0.206896552
501,,1186,36,,00:00-24:00,1,1,1,4,1,1,0,0,1,0.2
502,,1188,36,,00:00-24:00,1,1,1,4,1,1,0,0,1,0.7
503,,1198,9,,00:00-24:00,1,1,1,4,1,1,0,0,1,0.571428571
504,,1200,9,,00:00-24:00,1,1,1,4,1,1,0,0,1,0.5
505,,1204,133,,00:00-24:00,1,1,1,4,1,0,1,0,1,0.25
506,,1208,133,,00:00-24:00,1,1,1,4,1,1,1,0,1,0
510,,1220,1,,00:00-24:00,1,1,1,4,1,1,0,0,1,0
511,,1224,276,,00:00-24:00,1,1,1,4,1,1,0,0,2,1
512,,1228,276,,00:00-24:00,1,1,1,4,1,1,0,0,1,0.333333333
515,,1236,14,,00:00-24:00,1,1,1,4,1,1,0,0,1,0.8125
516,,1238,135,,00:00-23:59,1,1,1,4,1,1,0,0,1,0
517,,1244,117,,00:00-24:00,1,1,1,4,1,1,1,0,1,0.558823529
518,,1250,326,,00:00-24:00,1,1,1,4,1,1,0,0,4,0.633333333
519,,1252,326,,00:00-24:00,1,1,1,4,1,1,0,0,2,0.2
520,,1254,326,,00:00-24:00,1,1,1,4,1,1,0,0,4,0.6
521,,1256,326,,00:00-24:00,1,1,1,4,1,1,0,0,4,0.8
522,,1258,326,,00:00-24:00,1,1,1,4,1,1,0,0,1,0.127272727
523,,1272,46,,00:00-24:00,1,1,1,4,1,1,0,0,1,0.142857143
524,,1274,336,,00:00-24:00,1,1,1,4,1,1,0,0,1,0.583333333
525,,1278,29,,00:00-24:00,1,1,1,4,1,1,0,0,1,1
526,,1304,131,,00:00-24:00,1,1,1,4,1,1,1,0,2,1
528,,1308,131,,00:00-24:00,1,1,1,4,1,0,1,0,1,1
530,,1312,131,,00:00-24:00,1,1,1,4,1,0,1,0,2,0
531,,1314,131,,00:00-24:00,1,1,1,4,1,0,1,0,2,0.666666667
532,,1316,131,,00:00-24:00,1,1,1,4,1,0,1,0,2,1
533,,1318,131,,00:00-24:00,1,1,1,4,1,0,1,0,2,1
535,,1322,5,,00:00-24:00,1,1,1,4,1,1,0,0,1,0.538461538
536,,1324,5,,00:00-24:00,1,1,1,4,1,1,0,0,1,0.2
537,,1328,5,,00:00-24:00,1,1,1,4,1,1,0,0,1,0.6
538,,1332,49,,00:00-24:00,1,1,1,4,1,1,0,0,1,0.566666667
539,,1334,48,,00:00-24:00,1,1,1,4,1,1,0,0,1,0
540,,1336,34,,00:00-24:00,1,1,1,4,1,1,0,0,1,0
541,,1342,29,,00:00-24:00,1,1,1,4,2,0,1,0,2,0
542,,1346,334,,00:00-24:00,1,1,1,4,1,1,0,0,1,0.346153846
543,,1360,1,,00:00-24:00,1,1,1,4,1,1,0,0,1,0.392857143
544,,1362,340,,00:00-24:00,1,1,1,4,1,1,0,0,1,0.25
545,,1364,340,,00:00-24:00,1,1,1,4,1,1,0,0,1,0.2
548,,1370,346,,00:00-24:00,1,1,1,4,1,1,0,0,1,0.833333333
549,,1372,1,,00:00-24:00,1,1,1,4,1,1,1,0,1,0.75
550,,1378,1,,00:00-24:00,1,1,1,4,1,1,0,0,1,0.388888889
551,,1382,1,,00:00-24:00,1,1,1,4,1,1,0,0,1,0
552,,1386,48,,00:00-24:00,1,1,1,4,1,1,1,0,1,0
554,,1390,334,,00:00-24:00,1,1,1,4,1,1,0,0,2,0.166666667
555,,1392,328,,00:00-24:00,1,1,1,4,1,1,0,0,1,0.732142857
556,,1394,328,,00:00-24:00,1,1,1,4,1,0,1,0,1,0.571428571
557,,1396,11,,00:00-24:00,1,1,1,4,1,1,1,0,1,0.119047619
558,,1398,11,,00:00-24:00,1,1,1,4,1,1,0,0,2,0
560,,1406,15,,00:00-24:00,1,1,1,4,1,1,0,0,1,0
561,,1408,15,,00:00-24:00,1,1,1,4,1,0,1,0,2,0
562,,1410,123,,00:00-24:00,1,1,1,4,1,1,0,0,1,0.4
564,,1414,123,,08:00-18:00,1,1,1,4,1,1,0,0,1,0.72
565,,1416,123,,00:00-24:00,1,1,1,4,1,1,0,0,1,0
566,,1418,123,,00:00-24:00,1,1,1,4,1,1,0,0,1,1
568,,1422,123,,00:00-24:00,1,1,1,4,1,1,0,0,1,0
570,,1432,366,,00:00-24:00,1,1,1,4,1,1,0,0,1,0
571,,1447,332,,00:00-24:00,1,1,1,4,1,1,0,0,1,0
572,,1449,324,,00:00-24:00,1,1,1,4,1,1,0,0,1,0
573,,1451,141,,00:00-24:00,1,1,1,4,1,1,0,0,1,0
574,,1457,141,,00:00-24:00,1,1,1,4,1,1,0,0,1,1
575,,1459,141,,00:00-24:00,1,1,1,4,1,1,0,0,1,1
576,,1461,141,,00:00-24:00,1,1,1,4,2,1,0,0,1,0
577,,1463,141,,00:00-24:00,1,1,1,4,1,1,0,0,1,0
578,,1465,141,,00:00-24:00,1,1,1,4,1,1,1,0,1,0.25
579,,1469,141,,00:00-24:00,1,1,1,4,1,1,0,0,1,1
580,,1471,141,,00:00-24:00,1,1,1,4,1,1,0,0,1,0
581,,1473,141,,00:00-24:00,1,1,1,4,1,1,1,0,1,0.625
583,,1477,145,,00:00-24:00,1,1,1,4,1,1,0,0,1,0
584,,1483,38,,00:00-24:00,1,1,1,4,1,1,0,0,1,0
585,,1487,296,,00:00-24:00,1,1,1,4,1,1,0,0,1,0
586,,1489,296,,00:00-24:00,1,1,1,4,1,1,0,0,1,1
587,,1491,296,,00:00-24:00,1,1,1,4,1,1,0,0,1,0.3
588,,1493,296,,00:00-24:00,1,1,1,4,1,1,0,0,1,0.5
589,,1511,368,,00:00-24:00,1,1,1,4,1,1,0,0,2,0
592,,1517,292,,00:00-24:00,1,1,1,4,1,1,0,0,1,0.625
593,,1519,292,,00:00-24:00,1,1,1,4,1,1,0,0,1,0.875
594,,1521,292,,00:00-24:00,1,1,1,4,1,1,1,0,1,0.4
595,,1523,292,,00:00-24:00,1,1,1,4,1,1,1,0,1,0.380952381
596,,1525,292,,00:00-24:00,1,1,1,4,1,1,1,0,1,0.789473684
597,,1527,292,,00:00-24:00,1,1,1,4,1,1,0,0,1,0.375
598,,1529,234,,00:00-24:00,1,1,1,4,1,1,0,0,1,0
599,,1547,36,,00:00-24:00,1,1,1,4,1,1,0,0,1,1
600,,1549,36,,00:00-24:00,1,1,1,4,1,1,0,0,1,1
602,,1555,141,,08:00-18:00,1,1,1,4,1,1,0,0,1,1
603,,1560,151,,00:00-24:00,1,1,1,4,1,1,0,0,1,0
604,,1562,151,,00:00-24:00,1,1,1,4,1,1,0,0,1,0.375
605,,1574,354,,00:00-24:00,1,1,1,4,1,1,0,0,1,0.541666667
606,,1580,131,,00:00-24:00,1,1,1,4,1,1,1,0,1,0
607,,1582,131,,00:00-24:00,1,1,1,4,1,0,1,0,1,0
608,,1584,131,,00:00-24:00,1,1,1,4,1,0,1,0,1,0.5
609,,1588,294,,00:00-24:00,1,1,1,4,1,0,1,0,1,0
610,,1590,294,,00:00-24:00,1,1,1,4,1,0,1,0,1,1
611,,1592,294,,00:00-24:00,1,1,1,4,1,1,0,0,1,0.125
613,,1596,294,,00:00-24:00,1,1,1,4,1,1,0,0,1,1
614,,1598,294,,00:00-24:00,1,1,1,4,1,1,0,0,1,1
615,,1600,294,,00:00-24:00,1,1,1,4,1,1,0,0,1,0.25
616,,1602,294,,00:00-24:00,1,1,1,4,1,1,0,0,1,0.875
617,,1604,294,,00:00-24:00,1,1,1,4,1,1,0,0,1,0.75
618,,1606,294,,00:00-24:00,1,1,1,4,1,1,0,0,1,0.875
619,,1608,294,,00:00-24:00,1,1,1,4,1,1,0,0,1,0.625
620,,1610,294,,00:00-24:00,1,1,1,4,1,1,0,0,1,0.375
621,,1612,354,,00:00-24:00,1,1,1,4,1,1,0,0,1,0.5
622,,1614,382,,00:00-24:00,1,1,1,4,1,1,0,0,1,0.4
624,,1618,375,,00:00-24:00,1,1,1,4,1,1,0,0,1,1
625,,1630,388,,00:00-24:00,1,1,1,4,1,0,1,0,2,0.5
626,,1632,388,,00:00-24:00,1,1,1,4,1,1,0,0,2,0
627,,1634,390,,00:00-24:00,1,1,1,4,1,0,1,0,1,0.866666667
628,,1638,392,,00:00-24:00,1,1,1,4,1,1,0,0,1,0.895833333
629,,1640,390,,00:00-24:00,1,1,1,4,2,1,0,0,1,0
630,,1646,16,,00:00-24:00,1,1,1,4,1,1,1,0,1,0.174757282
631,,1648,360,,00:00-24:00,1,1,1,4,1,1,0,0,1,0.25
632,,1650,394,,00:00-24:00,1,1,1,4,1,0,1,0,2,1
633,,1652,394,,00:00-24:00,1,1,1,4,1,0,1,0,1,1
634,,1654,394,,00:00-24:00,1,1,1,4,1,0,1,0,1,0.5
635,,1656,394,,00:00-24:00,1,1,1,4,1,0,1,0,2,0.833333333
636,,1658,394,,00:00-24:00,1,1,1,4,1,0,1,0,1,1
637,,1660,394,,00:00-24:00,1,1,1,4,1,0,1,0,2,0.714285714
638,,1662,394,,00:00-24:00,1,1,1,4,1,0,1,0,2,1
639,,1664,394,,00:00-24:00,1,1,1,4,1,0,1,0,2,1
640,,1666,394,,00:00-24:00,1,1,1,4,1,0,1,0,1,1
641,,1668,394,,00:00-24:00,1,1,1,4,1,0,1,0,2,0.916666667
642,,1670,394,,00:00-24:00,1,1,1,4,1,0,1,0,2,0.666666667
643,,1672,394,,00:00-24:00,1,1,1,4,1,0,1,0,1,1
644,,1674,394,,00:00-24:00,1,1,1,4,1,0,1,0,2,1
645,,1676,394,,00:00-24:00,1,1,1,4,1,0,1,0,2,1
646,,1678,394,,00:00-24:00,1,1,1,4,1,0,1,0,1,0
647,,1680,394,,00:00-24:00,1,1,1,4,1,0,1,0,1,0.166666667
648,,1682,394,,00:00-24:00,1,1,1,4,1,0,1,0,1,0.666666667
649,,1684,394,,00:00-24:00,1,1,1,4,1,0,1,0,1,0.666666667
650,,1686,394,,00:00-24:00,1,1,1,4,1,0,1,0,2,1
651,,1688,394,,00:00-24:00,1,1,1,4,1,0,1,0,2,1
652,,1690,394,,00:00-24:00,1,1,1,4,1,0,1,0,1,1
653,,1692,394,,00:00-24:00,1,1,1,4,1,0,1,0,1,1
654,,1694,394,,00:00-24:00,1,1,1,4,1,0,1,0,2,1
655,,1696,394,,00:00-24:00,1,1,1,4,1,0,1,0,2,0.833333333
656,,1698,394,,00:00-24:00,1,1,1,4,1,0,1,0,2,0.857142857
657,,1700,394,,00:00-24:00,1,1,1,4,1,0,1,0,2,0.8
658,,1702,394,,00:00-24:00,1,1,1,4,1,0,1,0,2,1
662,,1710,394,,00:00-24:00,1,1,1,4,1,0,1,0,1,0.833333333
663,,1716,394,,00:00-24:00,1,1,1,4,1,0,1,0,1,0.833333333
664,,1718,394,,00:00-24:00,1,1,1,4,1,0,1,0,1,0.833333333
665,,1720,394,,00:00-24:00,1,1,1,4,1,0,1,0,1,1
666,,1722,394,,00:00-24:00,1,1,1,4,1,0,1,0,2,1
667,,1724,394,,00:00-24:00,1,1,1,4,1,0,1,0,2,1
668,,1726,394,,00:00-24:00,1,1,1,4,1,0,1,0,1,1
669,,1728,394,,00:00-24:00,1,1,1,4,1,0,1,0,1,0.666666667
670,,1730,394,,00:00-24:00,1,1,1,4,1,0,1,0,1,1
671,,1732,394,,00:00-24:00,1,1,1,4,1,0,1,0,1,1
672,,1734,394,,00:00-24:00,1,1,1,4,1,0,1,0,2,1
673,,1736,394,,00:00-24:00,1,1,1,4,1,0,1,0,2,0.166666667
674,,1738,394,,00:00-24:00,1,1,1,4,1,0,1,0,2,0.166666667
675,,1740,394,,00:00-24:00,1,1,1,4,1,0,1,0,2,0.166666667
676,,1742,394,,00:00-24:00,1,1,1,4,1,0,1,0,2,0.833333333
677,,1744,394,,00:00-24:00,1,1,1,4,1,0,1,0,2,0.666666667
678,,1746,296,,00:00-24:00,1,1,1,4,1,1,0,0,1,0.8
679,,1748,296,,00:00-24:00,1,1,1,4,1,1,0,0,1,0.5
680,,1749,296,,00:00-24:00,1,1,1,4,1,1,0,0,1,0.5
681,,1751,296,,00:00-24:00,1,1,1,4,1,1,0,0,1,0
682,,1753,296,,00:00-24:00,1,1,1,4,1,1,0,0,1,0.416666667
683,,1755,296,,00:00-24:00,1,1,1,4,1,1,0,0,1,0.233333333
684,,1757,135,,00:00-23:59,1,1,1,4,1,1,0,0,1,0.181818182
687,,1763,27,,00:00-24:00,1,1,1,4,1,1,0,0,1,0.4
688,,1765,27,,00:00-24:00,1,1,1,4,1,1,0,0,1,0.015151515
689,,1767,27,,未知,1,1,1,4,1,1,0,0,1,0
692,,1773,27,,00:00-24:00,1,1,1,4,1,1,0,0,1,0
695,,1779,27,,00:00-24:00,1,1,1,4,1,1,0,0,1,0.1875
696,,1781,27,,00:00-24:00,1,1,1,4,1,1,0,0,1,0
697,,1783,27,,00:00-24:00,1,1,1,4,1,1,0,0,1,0
698,,1785,27,,00:00-24:00,1,1,1,4,1,1,0,0,1,0
700,,1793,24,,00:00-24:00,1,1,1,4,1,1,0,0,2,0
701,,1795,396,,00:00-24:00,1,1,1,4,1,1,0,0,1,0.142857143
702,,1799,149,,00:00-24:00,1,1,1,4,1,1,0,0,1,0.416666667
703,,1803,135,,00:00-23:59,1,1,1,4,1,1,0,0,1,0.333333333
704,,1809,407,,00:00-24:00,1,1,1,4,1,1,0,0,1,0.25
705,,1811,326,,00:00-24:00,1,1,1,4,1,1,0,0,1,0.3
706,,1813,322,,00:00-24:00,1,1,1,4,1,1,0,0,1,0.05
707,,1821,384,,00:00-24:00,1,1,1,4,1,1,0,0,1,0.175
708,,1823,384,,00:00-24:00,1,1,1,4,1,1,0,0,1,0
709,,1825,217,,00:00-24:00,1,1,1,4,1,1,0,0,1,0
710,,1827,409,,00:00-24:00,1,1,1,4,1,1,0,0,1,0.55
711,,1829,47,,00:00-24:00,1,1,1,4,1,1,0,0,1,0.4375
713,,1833,149,,00:00-24:00,1,1,1,4,1,1,0,0,1,0.25
714,,1844,4,,00:00-24:00,1,1,1,4,1,1,0,0,1,0
715,,1853,412,,00:00-24:00,1,1,1,4,1,1,0,0,1,0.068965517
716,,1855,413,,00:00-24:00,1,1,1,4,1,1,0,0,1,0.722222222
717,,1858,407,,00:00-24:00,1,1,1,4,1,1,0,0,1,0.125
718,,1861,407,,00:00-24:00,1,1,1,4,1,1,0,0,1,0.416666667
719,,1863,36,,08:00-21:00,1,1,1,4,1,1,0,0,1,0
720,,1865,6,,00:00-24:00,1,1,1,4,1,0,1,0,1,0.6
721,,1869,403,,00:00-24:00,1,1,1,4,1,1,0,0,1,0.4
722,,1871,6,,00:00-24:00,1,1,1,4,1,1,1,0,2,0.875
724,,1881,6,,00:00-24:00,1,1,1,4,1,1,1,0,1,0.866666667
725,,1883,6,,00:00-24:00,1,1,1,4,1,0,1,0,2,0
726,,1885,6,,00:00-24:00,1,1,1,4,1,1,1,0,1,0.928571429
727,,1887,6,,00:00-24:00,1,1,1,4,1,1,0,0,1,0.64
728,,1890,415,,00:00-24:00,1,1,1,4,1,1,0,0,1,0.479166667
729,,1893,407,,00:00-24:00,1,1,1,4,1,1,0,0,1,0.166666667
730,,1897,417,,00:00-24:00,1,1,1,4,1,0,1,0,1,1
731,,1899,417,,00:00-24:00,1,1,1,4,1,0,1,0,1,1
732,,1901,417,,00:00-24:00,1,1,1,4,1,1,0,0,1,0.583333333
733,,1907,419,,00:00-24:00,1,1,1,4,1,1,0,0,1,0
734,,1911,217,,00:00-24:00,1,1,1,4,1,1,0,0,1,0
735,,1913,133,,00:00-24:00,1,1,1,4,1,1,0,0,1,0
736,,1915,423,,00:00-24:00,1,1,1,4,1,1,0,0,1,0
737,,1917,423,,00:00-24:00,1,1,1,4,1,1,0,0,1,0
738,,1921,54,,00:00-24:00,1,1,1,4,1,1,0,0,1,0.416666667
739,,1927,218,,00:00-24:00,1,1,1,4,1,1,0,0,1,0.5
740,,1929,218,,00:00-24:00,1,1,1,4,1,1,0,0,1,0
741,,1931,218,,00:00-24:00,1,1,1,4,1,1,0,0,1,0
742,,1933,218,,00:00-24:00,1,1,1,4,1,1,0,0,1,0.466666667
743,,1935,354,,未知,1,1,1,4,1,1,0,0,1,0.772727273
744,,1937,354,,00:00-24:00,1,1,1,4,1,1,0,0,1,0.277777778
745,,1939,354,,00:00-24:00,1,1,1,4,1,1,0,0,1,0.722222222
746,,1941,354,,00:00-24:00,1,1,1,4,1,1,0,0,1,0.176470588
747,,1943,354,,00:00-24:00,1,1,1,4,1,1,0,0,1,0.486486486
748,,1945,354,,00:00-24:00,1,1,1,4,1,1,1,0,2,0.222222222
749,,1949,354,,00:00-24:00,1,1,1,4,1,1,0,0,1,0.516129032
750,,1951,354,,00:00-24:00,1,1,1,4,1,1,0,0,1,0.375
752,,1959,354,,00:00-24:00,1,1,1,4,1,1,0,0,1,1
755,,1967,1,,00:00-24:00,1,1,1,4,1,1,0,0,1,0.722222222
756,,1969,1,,00:00-24:00,1,1,1,4,1,1,0,0,1,0.576923077
757,,1977,429,,00:00-23:59,1,1,1,4,1,1,0,0,1,0
759,,2003,332,,00:00-24:00,1,1,1,4,1,1,0,0,1,0.675
760,,2005,332,,00:00-24:00,1,1,1,4,1,1,0,0,1,0.708333333
761,,2007,143,,00:00-24:00,1,1,1,4,1,1,0,0,1,0
762,,2009,143,,00:00-24:00,1,1,1,4,1,1,0,0,1,0
763,,2011,25,,00:00-24:00,1,1,1,4,1,1,0,0,1,0.5
764,,2013,417,,00:00-24:00,1,1,1,4,1,1,0,0,2,0.55
765,,2015,461,,00:00-24:00,1,1,1,4,1,1,0,0,1,0.8
766,,2017,461,,00:00-24:00,1,1,1,4,1,1,0,0,1,0.5
767,,2021,433,,00:00-24:00,1,1,1,4,1,1,0,0,1,0.461538462
768,,2023,459,,00:00-24:00,1,1,1,4,1,1,0,0,1,0.235294118
769,,2025,469,,00:00-24:00,1,1,1,4,1,1,1,0,1,0.181818182
770,,2027,469,,00:00-24:00,1,1,1,4,1,1,0,0,1,0.4
771,,2029,469,,00:00-24:00,1,1,1,4,1,1,0,0,1,0.35
772,,2035,407,,00:00-24:00,1,1,1,4,1,1,0,0,1,0.291666667
773,,2041,467,,00:00-24:00,1,1,1,4,1,1,0,0,1,0.916666667
774,,2043,296,,00:00-24:00,1,1,1,4,1,1,0,0,1,0.666666667
775,,2045,296,,00:00-24:00,1,1,1,4,1,1,0,0,1,0.222222222
776,,2047,296,,00:00-24:00,1,1,1,4,1,1,0,0,1,0.833333333
777,,2049,296,,00:00-24:00,1,1,1,4,1,1,0,0,1,1
778,,2051,296,,00:00-24:00,1,1,1,4,1,1,0,0,1,0.875
783,,2061,441,,00:00-24:00,1,1,1,4,1,1,0,0,1,0.285714286
784,,2063,435,,00:00-24:00,1,1,1,4,1,1,0,0,1,0.448275862
785,,2065,445,,00:00-24:00,1,1,1,4,1,1,0,0,1,0.363636364
786,,2067,449,,00:00-24:00,1,1,1,4,1,1,0,0,1,0.4
787,,2069,41,,00:00-24:00,1,1,1,4,1,1,0,0,1,1
788,,2071,41,,00:00-24:00,1,1,1,4,1,1,0,0,1,0.8
789,,2073,41,,00:00-24:00,1,1,1,4,1,1,0,0,1,1
790,,2077,453,,00:00-24:00,1,1,1,4,1,1,0,0,1,0.363636364
793,,2087,451,,00:00-24:00,1,1,1,4,1,1,0,0,1,0.4
795,,2097,443,,00:00-24:00,1,1,1,4,1,1,1,0,2,0.858695652
798,,2103,1,,00:00-24:00,1,1,1,4,1,1,0,0,1,0.35
800,,2109,348,,00:00-24:00,1,1,1,4,1,1,0,0,1,0.377777778
801,,2111,25,,00:00-24:00,1,1,1,4,1,1,0,0,1,1
805,,2123,419,,00:00-24:00,1,1,1,4,1,1,0,0,1,0
806,,2127,1,,00:00-24:00,1,1,1,4,1,1,0,0,1,1
807,,2129,1,,00:00-24:00,1,1,1,4,1,1,0,0,1,0.888888889
808,,2135,487,,00:00-24:00,1,1,1,4,1,1,0,0,1,0.16
809,,2137,485,,00:00-24:00,1,1,1,4,1,1,0,0,1,0.7
810,,2139,483,,00:00-24:00,1,1,1,4,1,1,0,0,1,0.357142857
812,,2143,463,,00:00-24:00,1,1,1,4,1,1,0,0,1,0
813,,2153,499,,00:00-24:00,1,1,1,4,1,1,0,0,1,1
814,,2155,242,,00:00-24:00,1,1,1,4,1,1,0,0,1,0.833333333
815,,2163,139,,00:00-24:00,1,1,1,4,1,1,0,0,1,0.3125
816,,2167,220,,08:00-20:00,1,1,1,4,1,1,0,0,1,1
817,,2169,4,,00:00-24:00,1,1,1,4,1,1,0,0,1,0
818,,2179,4,,00:00-24:00,1,1,1,4,1,1,0,0,1,0
819,,2185,4,,00:00-24:00,1,1,1,4,1,1,0,0,1,0
822,,2193,403,,00:00-24:00,1,1,1,4,1,1,0,0,1,0.65
826,,2201,4,,00:00-24:00,1,1,1,4,1,1,0,0,1,0
827,,2213,441,,00:00-24:00,1,1,1,4,1,1,0,0,1,0.272727273
828,,2215,527,,00:00-24:00,1,1,1,4,1,1,0,0,1,0.95
829,,2219,497,,00:00-24:00,1,1,1,4,1,1,0,0,1,0.65
830,,2221,497,,00:00-24:00,1,1,1,4,1,1,0,0,1,0.15
831,,2223,403,,00:00-24:00,1,1,1,4,1,1,0,0,1,0.153846154
832,,2225,461,,00:00-24:00,1,1,1,4,1,1,0,0,1,0.395833333
833,,2229,531,,00:00-24:00,1,1,1,4,1,1,0,0,1,0.45
834,,2231,461,,00:00-24:00,1,1,1,4,1,1,0,0,1,0.766666667
835,,2243,6,,00:00-24:00,1,1,1,4,1,0,1,0,2,0.333333333
836,,2311,139,,00:00-24:00,1,1,1,4,1,1,0,0,1,0.538461538
837,,2313,26,,00:00-24:00,1,1,1,4,1,1,0,0,2,0.2
838,,2315,533,,00:00-24:00,1,1,1,4,1,1,0,0,1,0.8
841,,2321,407,,00:00-24:00,1,1,1,4,1,1,0,0,1,0.925
842,,2323,537,,全天开放,1,1,1,100,2,1,1,0,0,0
843,,2325,425,,00:00-24:00,1,1,1,4,1,1,0,0,1,0
844,,2327,425,,00:00-24:00,1,1,1,4,1,1,0,0,1,0.047619048
845,,2331,6,,00:00-24:00,1,1,1,4,1,1,0,0,1,0.9
846,,2333,6,,00:00-24:00,1,1,1,4,1,0,1,0,2,0.8
847,,2337,6,,00:00-24:00,1,1,1,4,1,0,1,0,1,0.975
849,,2341,6,,00:00-24:00,1,1,1,4,1,1,0,0,1,0.7
851,,2345,403,,00:00-24:00,1,1,1,4,1,1,0,0,1,0.5625
852,,2349,322,,00:00-24:00,1,1,1,4,1,1,0,0,1,0.15
853,,2351,322,,00:00-24:00,1,1,1,4,1,1,0,0,1,0.5
854,,2361,6,,00:00-24:00,1,1,1,4,1,1,0,0,1,0.95
855,,2367,461,,00:00-24:00,1,1,1,4,1,1,0,0,1,1
856,,2379,218,,00:00-24:00,1,1,1,4,1,1,0,0,1,0.966666667
857,,2383,575,,00:00-24:00,1,1,1,4,1,1,0,0,1,0.25
858,,2385,417,,00:00-24:00,1,1,1,4,1,0,1,0,2,0.833333333
859,,2389,497,,00:00-24:00,1,1,1,4,1,1,0,0,1,0.315789474
860,,2391,589,,00:00-24:00,1,1,1,4,1,1,0,0,1,0.2
861,,2393,151,,00:00-24:00,1,1,1,4,1,1,0,0,2,0.7
862,,2395,587,,00:00-24:00,1,1,1,4,1,1,1,0,1,0.272727273
863,,2397,521,,00:00-24:00,1,1,1,4,1,1,0,0,1,0.166666667
864,,2399,521,,00:00-24:00,1,1,1,4,1,1,0,0,1,0.111111111
865,,2401,403,,00:00-24:00,1,1,1,4,1,1,0,0,1,0.5
866,,2407,421,,00:00-24:00,1,1,1,4,1,1,0,0,1,0.291666667
868,,2411,354,,00:00-24:00,1,1,1,4,1,1,0,0,1,0.8
869,,2413,431,,00:00-24:00,1,1,1,4,1,1,0,0,1,0.3
870,,2415,6,,00:00-24:00,1,1,1,4,1,1,0,0,1,0.45
871,,2417,6,,00:00-24:00,1,1,1,4,1,0,1,0,2,0.8
873,,2421,6,,00:00-24:00,1,1,1,4,1,0,1,0,2,0.95
875,,2427,1,,00:00-24:00,1,1,1,4,1,1,0,0,1,0.727272727
876,,2433,41,,00:00-24:00,1,1,1,4,1,1,0,0,1,0.615384615
877,,2435,41,,00:00-24:00,1,1,1,4,1,1,0,0,1,0.307692308
878,,2437,41,,00:00-24:00,1,1,1,4,1,1,0,0,1,0.846153846
881,,2443,41,,00:00-24:00,1,1,1,4,1,1,0,0,1,0.538461538
882,,2445,41,,00:00-24:00,1,1,1,4,1,1,0,0,2,0.666666667
883,,2447,41,,00:00-24:00,1,1,1,4,1,0,1,0,2,1
884,,2453,613,,00:00-24:00,1,1,1,4,1,1,0,0,1,0.133333333
885,,2455,613,,00:00-24:00,1,1,1,4,1,1,0,0,1,0.5
886,,2457,525,,00:00-24:00,1,1,1,4,1,1,0,0,1,0.590909091
887,,2459,41,,00:00-24:00,1,1,1,4,1,1,0,0,1,0.307692308
888,,2461,419,,00:00-24:00,1,1,1,4,1,1,0,0,1,0
889,,2465,569,,00:00-24:00,1,1,1,4,1,1,0,0,2,1
900,,2487,296,,00:00-24:00,1,1,1,4,1,1,0,0,1,0.555555556
901,,2489,296,,00:00-24:00,1,1,1,4,1,1,0,0,1,0.416666667
903,,2495,419,,00:00-24:00,1,1,1,4,1,1,0,0,1,0
904,,2497,403,,00:00-24:00,1,1,1,4,1,1,0,0,1,0.25
905,,2501,403,,00:00-24:00,1,1,1,4,1,1,0,0,1,0.05
906,,2505,525,,00:00-24:00,1,1,1,4,1,1,0,0,1,0.25
908,,2509,431,,00:00-24:00,1,1,1,4,1,1,0,0,1,0.45
909,,2511,36,,00:00-24:00,1,1,1,4,1,1,0,0,1,0
911,,2517,611,,00:00-24:00,1,1,1,4,1,1,0,0,1,0.558823529
913,,2521,26,,00:00-24:00,1,1,1,4,1,0,1,0,2,1
914,,2523,26,,00:00-24:00,1,1,1,4,1,0,1,0,2,1
915,,2525,631,,00:00-24:00,1,1,1,4,1,1,0,0,4,0.421052632
920,,2539,601,,00:00-24:00,1,1,1,4,1,1,0,0,1,0.882352941
923,,2545,703,,00:00-24:00,1,1,1,4,1,1,0,0,1,0.8
924,,2549,635,,00:00-24:00,1,1,1,4,1,1,0,0,1,0.2
928,,2559,6,,00:00-24:00,1,1,1,4,1,1,0,0,1,0.9
930,,2569,707,,00:00-24:00,1,1,1,4,1,1,0,0,1,0.65
931,,2577,467,,00:00-24:00,1,1,1,4,1,1,0,0,1,0.714285714
932,,2581,26,,00:00-24:00,1,1,1,4,1,1,0,0,2,0.285714286
933,,2585,523,,00:00-24:00,1,1,1,4,1,1,0,0,1,0.285714286
934,,2587,431,,00:00-24:00,1,1,1,4,1,1,0,0,1,0.85
935,,2591,579,,00:00-24:00,1,1,1,4,1,1,0,0,1,0
936,,2593,621,,00:00-24:00,1,1,1,4,1,1,0,0,1,0.423076923
937,,2595,709,,00:00-24:00,1,1,1,4,1,1,1,0,2,0.65
938,,2599,137,,00:00-24:00,1,1,1,4,1,1,0,0,1,0.416666667
939,,2601,663,,00:00-24:00,1,1,1,4,1,1,0,0,1,0.428571429
940,,2603,26,,00:00-24:00,1,1,1,4,1,1,0,0,2,0.1
941,,2605,633,,00:00-24:00,1,1,1,4,1,1,0,0,1,0.85
945,,2615,48,,00:00-24:00,1,1,1,4,1,1,0,0,1,1
946,,2617,48,,00:00-24:00,1,1,1,4,1,1,0,0,1,0.875
947,,2619,471,,00:00-24:00,1,1,1,4,1,1,0,0,2,0.5
948,,2621,717,,"00:01-07:00,07:00-12:00,12:00-24",1,1,1,4,1,1,0,0,1,0
949,,2623,717,,"00:01-07:00,07:00-12:00,12:00-24",1,1,1,4,1,1,0,0,1,0.3125
951,,2627,717,,"00:01-07:00,07:00-12:00,12:00-24",1,1,1,4,1,1,0,0,1,0.8
952,,2629,717,,"00:01-07:00,07:00-12:00,12:00-24",1,1,1,4,1,1,0,0,1,0.3125
953,,2631,717,,"00:01-07:00,07:00-12:00,12:00-24",1,1,1,4,1,1,0,0,1,0.55
955,,2635,717,,"00:01-07:00,07:00-12:00,12:00-24",1,1,1,4,1,1,0,0,1,1
956,,2637,717,,"00:01-07:00,07:00-12:00,12:00-24",1,1,1,4,1,1,0,0,1,0.6
959,,2645,717,,"00:01-07:00,07:00-12:00,12:00-24",1,1,1,4,1,1,0,0,1,0.875
960,,2647,705,,00:00-24:00,1,1,1,4,1,1,1,0,4,0.25
961,,2651,575,,00:00-24:00,1,1,1,4,1,1,0,0,1,0.15
963,,2655,577,,00:00-24:00,1,1,1,4,1,1,0,0,1,1
964,,2659,18,,00:00-24:00,1,1,1,4,1,1,0,0,1,0
965,,2661,18,,00:00-24:00,1,1,1,4,1,1,0,0,1,0.857142857
966,,2663,123,,00:00-24:00,1,1,1,4,1,1,0,0,2,0.666666667
967,,2665,123,,00:00-24:00,1,1,1,4,1,1,1,0,2,0.6
968,,2667,123,,00:00-24:00,1,1,1,4,1,1,0,0,2,0
969,,2669,123,,00:00-24:00,1,1,1,4,1,1,0,0,2,0.727272727
970,,2671,123,,00:00-24:00,1,1,1,4,1,1,0,0,2,0.916666667
971,,2673,26,,00:00-24:00,1,1,1,4,1,1,0,0,2,0.433333333
972,,2677,419,,00:00-24:00,1,1,1,4,2,1,0,0,1,0
973,,2679,715,,00:00-24:00,1,1,1,4,1,1,0,0,1,1
975,,2683,1,,00:00-24:00,1,1,1,4,1,1,0,0,2,0.47826087
976,,2685,26,,00:00-24:00,1,1,1,4,1,1,0,0,2,0.166666667
977,,2687,727,,00:00-24:00,1,1,1,4,1,1,0,0,1,0.533333333
978,,2689,354,,00:00-24:00,1,1,1,4,1,1,0,0,1,0.611111111
979,,2691,354,,00:00-24:00,1,1,1,4,1,1,0,0,1,0.117647059
981,,2695,733,,00:00-24:00,1,1,1,4,1,1,0,0,1,0.5
984,,2701,1,,00:00-24:00,1,1,1,4,1,1,0,0,1,1
985,,2703,6,,00:00-24:00,1,1,1,4,1,1,0,0,1,0.7
986,,2705,6,,00:00-24:00,1,1,1,4,1,1,0,0,2,0.2
990,,2713,368,,00:00-24:00,1,1,1,4,1,1,0,0,1,0.875
991,,2715,735,,00:00-24:00,1,1,1,4,1,1,0,0,1,0.4
992,,2719,619,,00:00-24:00,1,1,1,4,1,0,1,0,2,0.818181818
993,,2721,707,,00:00-24:00,1,1,1,4,1,1,0,0,1,0
994,,2723,707,,00:00-24:00,1,1,1,4,1,1,0,0,1,0.454545455
995,,2725,368,,00:00-24:00,1,1,1,4,1,1,0,0,1,0.9
996,,2727,368,,00:00-24:00,1,1,1,4,1,1,0,0,1,0.75
1004,,2743,577,,00:00-24:00,1,1,1,4,1,1,0,0,1,0
1005,,2745,587,,00:00-24:00,1,1,1,4,1,1,1,0,1,0.342105263
1006,,2747,719,,00:00-24:00,1,1,1,4,1,1,1,0,1,1
1007,,2749,719,,00:00-24:00,1,1,1,4,1,1,1,0,1,1
1008,,2751,425,,00:00-24:00,1,1,1,4,1,1,0,0,1,0.785714286
1009,,2753,467,,00:00-24:00,1,1,1,4,1,1,0,0,1,0.425
1010,,2755,471,,00:00-24:00,1,1,1,4,1,1,0,0,1,0.285714286
1011,,2757,1,,00:00-24:00,1,1,1,4,1,1,0,0,1,0.611111111
1012,,2759,707,,00:00-24:00,1,1,1,4,1,1,0,0,1,0.894736842
1014,,2763,1,,00:00-24:00,1,1,1,4,1,0,1,0,4,0.694444444
1015,,2765,1,,00:00-24:00,1,1,1,4,1,1,0,0,4,0.516129032
1016,,2767,354,,00:00-24:00,1,1,1,4,1,1,0,0,1,0.45
1017,,2769,354,,00:00-24:00,1,1,1,4,1,1,1,0,2,0.212121212
1019,,2773,354,,00:00-24:00,1,1,1,4,1,1,0,0,1,0.333333333
1020,,2783,737,,00:00-24:00,1,1,1,4,1,1,0,0,1,0.7125
1024,,2791,737,,00:00-24:00,1,1,1,4,1,1,0,0,1,0.35
1025,,2793,129,,00:00-24:00,1,1,1,4,1,1,0,0,2,0.5625
1026,,2795,54,,00:00-24:00,1,1,1,4,1,1,0,0,1,0.305555556
1027,,2797,711,,00:00-24:00,1,1,1,4,1,1,0,0,1,1
1028,,2799,711,,00:00-24:00,1,1,1,4,1,1,0,0,1,0.875
1029,,2801,737,,00:00-24:00,1,1,1,4,1,1,0,0,1,0.6125
1030,,2805,741,,00:00-24:00,1,1,1,4,1,1,0,0,1,0.65
1031,,2807,523,,00:00-24:00,1,1,1,4,1,1,0,0,1,0.2
1032,,2809,523,,00:00-24:00,1,1,1,4,1,1,0,0,1,0.2
1033,,2811,523,,00:00-24:00,1,1,1,4,1,1,0,0,1,0.666666667
1034,,2813,523,,00:00-24:00,1,1,1,4,1,1,0,0,2,0
1035,,2815,633,,00:00-24:00,1,1,1,4,1,1,0,0,1,1
1036,,2817,54,,00:00-24:00,1,1,1,4,1,1,0,0,1,0.55
1038,,2821,41,,00:00-24:00,1,1,1,4,1,1,0,0,2,1
1039,,2823,41,,00:00-24:00,1,1,1,4,1,1,0,0,2,1
1040,,2825,41,,00:00-24:00,1,1,1,4,1,1,0,0,1,0.307692308
1041,,2827,41,,00:00-24:00,1,1,1,4,1,1,0,0,2,1
1042,,2829,41,,00:00-24:00,1,1,1,4,1,1,0,0,1,0.692307692
1043,,2831,41,,00:00-24:00,1,1,1,4,1,1,0,0,1,0.769230769
1044,,2833,41,,00:00-24:00,1,1,1,4,1,1,0,0,1,0.923076923
1045,,2839,1,,00:00-24:00,1,1,1,4,1,1,1,0,1,1
1046,,2841,751,,00:00-24:00,1,1,1,4,1,1,0,0,1,1
1047,,2843,368,,00:00-24:00,1,1,1,4,1,1,0,0,1,0.15
1048,,2845,218,,00:00-24:00,1,1,1,4,1,1,0,0,1,0.529411765
1049,,2847,218,,00:00-24:00,1,1,1,4,1,1,0,0,1,0.306122449
1051,,2851,733,,00:00-24:00,1,1,1,4,1,1,0,0,1,0.352941176
1055,,2861,1,,00:00-24:00,1,1,1,4,1,0,1,0,4,0.916666667
1057,,2867,755,,00:00-24:00,1,1,1,4,1,1,0,0,1,0.411764706
1058,,2869,763,,00:00-24:00,1,1,1,4,1,1,0,0,1,0.444444444
1060,,2873,348,,00:00-24:00,1,1,1,4,1,1,0,0,1,0.818181818
1061,,2875,348,,00:00-24:00,1,1,1,4,1,1,0,0,1,0.461538462
1062,,2877,761,,00:00-24:00,1,1,1,4,1,1,0,0,1,0.5
1064,,2881,354,,00:00-24:00,1,1,1,4,1,1,1,0,1,0.269230769
1065,,2883,1,,00:00-24:00,1,1,1,4,1,1,1,0,2,0.8
1066,,2885,1,,00:00-24:00,1,1,1,4,1,0,1,0,1,0.5
1067,,2887,441,,00:00-24:00,1,1,1,4,1,1,0,0,1,0
1068,,2889,441,,00:00-24:00,1,1,1,4,1,1,0,0,1,0.583333333
1069,,2891,441,,00:00-24:00,1,1,1,4,1,1,0,0,1,0.2
1070,,2893,441,,00:00-24:00,1,1,1,4,1,1,0,0,1,0.166666667
1071,,2895,441,,00:00-24:00,1,1,1,4,1,1,0,0,1,0.071428571
1072,,2897,441,,00:00-24:00,1,1,1,4,1,1,0,0,1,0.482758621
1073,,2899,441,,00:00-24:00,1,1,1,4,1,1,0,0,1,0.1
1074,,2901,461,,00:00-24:00,1,1,1,4,1,1,1,0,1,0.625
1076,,2905,441,,00:00-24:00,1,1,1,4,1,1,0,0,1,1
1077,,2907,441,,00:00-24:00,1,1,1,4,1,1,0,0,1,1
1078,,2909,48,,00:00-24:00,1,1,1,4,1,1,0,0,1,0.45
1079,,2911,403,,00:00-24:00,1,1,1,4,1,1,0,0,1,0.59375
1080,,2913,579,,00:00-24:00,1,1,1,4,1,1,0,0,1,0.4
1081,,2917,569,,00:00-24:00,1,1,1,4,1,1,1,0,1,1
1082,,2919,569,,00:00-24:00,1,1,1,4,1,1,0,0,2,1
1083,,2921,569,,00:00-24:00,1,1,1,4,1,1,0,0,2,1
1084,,2923,569,,00:00-24:00,1,1,1,4,1,1,0,0,1,1
1085,,2925,569,,00:00-24:00,1,1,1,4,1,1,0,0,2,1
1086,,2927,569,,00:00-24:00,1,1,1,4,1,1,0,0,2,0.8
1087,,2929,569,,00:00-24:00,1,1,1,4,1,1,0,0,2,0.5
1088,,2931,569,,00:00-24:00,1,1,1,4,1,1,0,0,1,1
1089,,2933,569,,00:00-24:00,1,1,1,4,1,1,0,0,1,0.5
1090,,2935,569,,00:00-24:00,1,1,1,4,1,1,1,0,2,1
1091,,2937,569,,00:00-24:00,1,1,1,4,1,1,0,0,2,1
1092,,2939,569,,00:00-24:00,1,1,1,4,1,1,1,0,1,0.25
1093,,2941,569,,00:00-24:00,1,1,1,4,1,1,0,0,2,1
1094,,2943,569,,00:00-24:00,1,1,1,4,1,1,0,0,2,1
1095,,2945,569,,00:00-24:00,1,1,1,4,1,1,0,0,2,0.75
1096,,2947,569,,00:00-24:00,1,1,1,4,1,1,0,0,2,0.666666667
1103,,2961,569,,00:00-24:00,1,1,1,4,1,1,0,0,2,1
1104,,2963,569,,00:00-24:00,1,1,1,4,1,1,0,0,2,1
1105,,2965,569,,00:00-24:00,1,1,1,4,1,1,0,0,2,1
1106,,2967,569,,00:00-24:00,1,1,1,4,1,1,0,0,2,1
1107,,2969,569,,00:00-24:00,1,1,1,4,1,1,0,0,2,1
1108,,2971,569,,00:00-24:00,1,1,1,4,1,1,0,0,2,1
1109,,2973,569,,00:00-24:00,1,1,1,4,1,1,1,0,1,1
1110,,2975,569,,00:00-24:00,1,1,1,4,1,1,1,0,1,1
1111,,2977,569,,00:00-24:00,1,1,1,4,1,1,0,0,2,0.75
1112,,2979,569,,00:00-24:00,1,1,1,4,1,1,1,0,2,1
1113,,2981,569,,00:00-24:00,1,1,1,4,1,1,0,0,2,1
1114,,2983,569,,00:00-24:00,1,1,1,4,1,1,0,0,1,0.5
1115,,2985,569,,00:00-24:00,1,1,1,4,1,1,0,0,2,1
1116,,2987,569,,00:00-24:00,1,1,1,4,1,1,0,0,1,0.875
1117,,2989,569,,00:00-24:00,1,1,1,4,1,1,0,0,2,1
1118,,2991,569,,00:00-24:00,1,1,1,4,1,1,0,0,2,1
1119,,2993,569,,00:00-24:00,1,1,1,4,1,1,0,0,2,1
1120,,2995,569,,00:00-24:00,1,1,1,4,1,1,1,0,2,1
1121,,2997,569,,00:00-24:00,1,1,1,4,1,1,0,0,2,1
1122,,2999,569,,00:00-24:00,1,1,1,4,1,1,0,0,2,1
1123,,3001,569,,00:00-24:00,1,1,1,4,1,1,0,0,2,1
1124,,3003,569,,00:00-24:00,1,1,1,4,1,1,1,0,2,0.592592593
1125,,3005,569,,00:00-24:00,1,1,1,4,1,1,0,0,4,1
1126,,3007,569,,00:00-24:00,1,1,1,4,1,1,0,0,2,1
1127,,3009,569,,00:00-24:00,1,1,1,4,1,1,0,0,2,1
1128,,3011,569,,00:00-24:00,1,1,1,4,1,1,0,0,2,1
1129,,3013,569,,00:00-24:00,1,1,1,4,1,1,0,0,1,0.5
1130,,3015,569,,00:00-24:00,1,1,1,4,1,1,0,0,1,1
1131,,3017,569,,00:00-24:00,1,1,1,4,1,1,0,0,1,0.75
1132,,3019,569,,00:00-24:00,1,1,1,4,1,1,0,0,2,0.833333333
1134,,3023,569,,00:00-24:00,1,1,1,4,1,1,0,0,2,0.95
1135,,3025,569,,00:00-24:00,1,1,1,4,1,1,0,0,2,1
1136,,3027,569,,00:00-24:00,1,1,1,4,1,1,0,0,2,1
1137,,3029,569,,00:00-24:00,1,1,1,4,1,1,0,0,2,0.875
1138,,3031,569,,00:00-24:00,1,1,1,4,1,1,0,0,1,1
1139,,3033,569,,00:00-24:00,1,1,1,4,1,1,1,0,1,0.217391304
1140,,3035,569,,00:00-24:00,1,1,1,4,1,1,0,0,2,0.9
1141,,3037,569,,00:00-24:00,1,1,1,4,1,1,1,0,1,1
1142,,3039,569,,00:00-24:00,1,1,1,4,1,1,1,0,1,1
1143,,3041,569,,00:00-24:00,1,1,1,4,1,1,1,0,1,1
1144,,3043,569,,00:00-24:00,1,1,1,4,1,1,0,0,4,0.166666667
1145,,3045,569,,00:00-24:00,1,1,1,4,1,1,0,0,2,1
1146,,3047,569,,00:00-24:00,1,1,1,4,1,1,0,0,2,1
1147,,3049,569,,00:00-24:00,1,1,1,4,1,1,0,0,2,1
1148,,3051,771,,00:00-24:00,1,1,1,4,1,1,0,0,1,0.875
1149,,3053,715,,00:00-24:00,1,1,1,4,1,1,0,0,1,0.2
1150,,3055,36,,00:00-24:00,1,1,1,4,1,1,0,0,1,0.225
1153,,3061,296,,00:00-24:00,1,1,1,4,1,1,0,0,1,1
1154,,3063,296,,00:00-24:00,1,1,1,4,1,1,0,0,1,1
1155,,3073,36,,00:00-24:00,1,1,1,4,1,1,0,0,1,0.25
1156,,3075,296,,00:00-24:00,1,1,1,4,1,1,0,0,1,0.181818182
1157,,3077,719,,00:00-24:00,1,1,1,4,1,1,0,0,1,1
1158,,3079,719,,00:00-24:00,1,1,1,4,1,1,0,0,1,1
1159,,3081,719,,00:00-24:00,1,1,1,4,1,1,0,0,1,1
1160,,3093,26,,00:00-24:00,1,1,1,4,1,1,0,0,2,0.590909091
1161,,3095,36,,00:00-24:00,1,1,1,4,1,1,0,0,1,0.25
1162,,3097,36,,00:00-24:00,1,1,1,4,1,1,0,0,1,0.466666667
1163,,3099,441,,00:00-24:00,1,1,1,4,1,1,0,0,1,0.275
1164,,3105,431,,00:00-24:00,1,1,1,4,1,1,0,0,1,0.2
1165,,3107,431,,00:00-24:00,1,1,1,4,1,1,0,0,1,0.115384615
